kepid,file,sha256,quarter,raw_rows,accepted_rows,start_bkjd,end_bkjd,cadence_min,bjdrefi,timesys,creator,data_rel,crowdsap,flfrcsap,astropy_reader_agrees
9944201,data\cache\real_kepler\kplr009944201-2009166043257_llc.fits,c9fa70d4f1cf4c4228169d5a308f1092497160783f59b6062f6497c1b45ee259,1,1639,1401,131.51233490297454,164.9835999657953,29.425322939059697,2454833,TDB,796054 FluxExporter2PipelineModule,25,1.0,0.8001,True
9944201,data\cache\real_kepler\kplr009944201-2009259160929_llc.fits,f78c4661f100d47c73ea8b3bc0f67234eeeca3d6fee0384245b8386c93a807e6,2,4354,3696,169.7856240735855,258.4672867722402,29.424383668228984,2454833,TDB,823109 FluxExporter2PipelineModule,25,1.0,0.8061,True
9944201,data\cache\real_kepler\kplr009944201-2009350155506_llc.fits,a8cfa50d1a7dca98bc8fc601431c4af79afa69541ef9a5a3c2cb7e269a00723e,3,4370,3861,260.2449693673989,349.4958462998402,29.423384472029284,2454833,TDB,825052 FluxExporter2PipelineModule,25,1.0,0.8502,True
5475431,data\cache\real_kepler\kplr005475431-2009166043257_llc.fits,de0738f631fc4936b8786258fe53fe375769e413edf86259d8eaa09bb4f1e220,1,1639,1427,131.51200479918043,164.9837489033671,29.42574388347566,2454833,TDB,796468 FluxExporter2PipelineModule,25,0.9878,0.7868,True
5475431,data\cache\real_kepler\kplr005475431-2009259160929_llc.fits,fab4a39deae371da883b30a4cb6611fad29a3c3ff589d0c98e7437c06b462ca2,2,4354,3613,169.7653857045225,258.4681654816086,29.424698990187608,2454833,TDB,823965 FluxExporter2PipelineModule,25,0.9782,0.8443,True
5475431,data\cache\real_kepler\kplr005475431-2009350155506_llc.fits,8812d4493889d87cceef666dfb48920c1bdc409b15a03f0523e416ef5b895060,3,4370,3860,260.2867030260313,349.495719792998,29.423023452982306,2454833,TDB,826739 FluxExporter2PipelineModule,25,0.97,0.7867,True
8616873,data\cache\real_kepler\kplr008616873-2009166043257_llc.fits,6ff1cc9bbeb59ad6826754cf50473f009d75e4eaf6af141441fd90b5b507a876,1,1639,1439,131.5124547399755,164.9837941488804,29.42537532595452,2454833,TDB,796214 FluxExporter2PipelineModule,25,0.994,0.7836,True
8616873,data\cache\real_kepler\kplr008616873-2009259160929_llc.fits,b5efa7ea587965fdedd21282cf6dadef112d78346d2071cc7062a47ccecbea1c,2,4354,1434,169.7653692017193,258.4673816009017,29.424636298790574,2454833,TDB,823441 FluxExporter2PipelineModule,25,0.998,0.7009,True
8616873,data\cache\real_kepler\kplr008616873-2009350155506_llc.fits,d946d11fc9d41f2a924165dbee0fdf5caf30393dd2d94be8b0b4d1e5f6a8519b,3,4370,3928,260.2450517680263,349.4956647053259,29.423293601721525,2454833,TDB,825708 FluxExporter2PipelineModule,25,0.9915,0.6777,True
9574614,data\cache\real_kepler\kplr009574614-2009166043257_llc.fits,6720a5a87a65d4a0fb43b4db067ceaedbaa722aee09b807b2ab73d8e35bad934,1,1639,1454,131.51260151466704,164.9837825718423,29.425237270770594,2454833,TDB,796082 FluxExporter2PipelineModule,25,1.0,0.8648,True
9574614,data\cache\real_kepler\kplr009574614-2009259160929_llc.fits,79e38a7fc69090e1ddb69795f530295084fb147a5975caa96d29677c26bc13a8,2,4354,3741,169.7653129104874,258.4670774244296,29.424262879765593,2454833,TDB,823168 FluxExporter2PipelineModule,25,1.0,0.8957,True
9574614,data\cache\real_kepler\kplr009574614-2009350155506_llc.fits,2e338c2e0fbee7cc740681ebba63488d361e924ae08dd4f0cd7ea71f6934d849,3,4370,3964,260.24474108044524,349.49566992701875,29.423383874818683,2454833,TDB,825168 FluxExporter2PipelineModule,25,1.0,0.6653,True
7811211,data\cache\real_kepler\kplr007811211-2009166043257_llc.fits,c5541ebced18bd4e8ed5b7f370800107817446b456513286ccf4172d29dd67c4,1,1639,1404,131.5125841862464,164.98392798738496,29.425388647941872,2454833,TDB,796236 FluxExporter2PipelineModule,25,0.9996,0.8926,True
7811211,data\cache\real_kepler\kplr007811211-2009259160929_llc.fits,5425148769e446d5a5140dd91b78bc4a48dfd4c77ee68245da1d7958fb49d3fb,2,4354,3631,169.78592721628956,258.46734411027865,29.42433697578963,2454833,TDB,823484 FluxExporter2PipelineModule,25,1.0,0.9062,True
7811211,data\cache\real_kepler\kplr007811211-2009350155506_llc.fits,4133fdb78b3db1f0d0885e0cf3bc2201533ddb734003fd48faf3d9e8b029fe6d,3,4370,3892,260.24503178184386,349.4955390852774,29.423259319737554,2454833,TDB,825796 FluxExporter2PipelineModule,25,1.0,0.7955,True
9084778,data\cache\real_kepler\kplr009084778-2009166043257_llc.fits,08a9a4237188081dff6bd040c826af40f8f28edaa67deb18407e37e3c734ad30,1,1639,1483,131.51231509595527,164.98367414726818,29.42539209499955,2454833,TDB,796222 FluxExporter2PipelineModule,25,0.9958,0.5958,True
9084778,data\cache\real_kepler\kplr009084778-2009259160929_llc.fits,b14aaa305766118038a200d3c0917a9e95b338eb88f4ba529c3f3d5f90363f55,2,4354,3778,169.7652550828061,258.46744593503536,29.42441081511788,2454833,TDB,823456 FluxExporter2PipelineModule,25,0.99,0.7474,True
9084778,data\cache\real_kepler\kplr009084778-2009350155506_llc.fits,99b7e0a6515aeb9b7250587d935b90773287fbe14eec6578d68895d564eea8ba,3,4370,3872,260.24511961464304,349.495778432909,29.4233159290161,2454833,TDB,825740 FluxExporter2PipelineModule,25,0.9918,0.7696,True
12307496,data\cache\real_kepler\kplr012307496-2009166043257_llc.fits,c701ef321cc23217e582557600326f5e13e4b1670800f30823c02dc17dba1a28,1,1639,1374,131.5119523870817,164.98315142698993,29.425267445622012,2454833,TDB,795921 FluxExporter2PipelineModule,25,0.9925,0.894,True
12307496,data\cache\real_kepler\kplr012307496-2009259160929_llc.fits,2757d0eecb9517e87a4c306c0f80e42c2f2fc721ba0b49f590709a6ffbde4ca8,2,4354,3819,169.76469992095372,258.4672526467184,29.424536962760612,2454833,TDB,822844 FluxExporter2PipelineModule,25,1.0,0.7232,True
12307496,data\cache\real_kepler\kplr012307496-2009350155506_llc.fits,95d7af5484e60a2d28d495edd94eb2fea6098b40996e5501371adc3a013893fb,3,4370,3994,260.24493474245537,349.4962654506162,29.423512620851398,2454833,TDB,824533 FluxExporter2PipelineModule,25,0.9989,0.4697,True
8110757,data\cache\real_kepler\kplr008110757-2013098041711_llc.fits,deb511e018288d703eebade599af4eb1e01ba257c24dddc9a9160bf7f67105fe,16,4203,3318,1472.1175305502911,1557.938335804567,29.42446362110786,2454833,TDB,1027067 FluxExporter2PipelineModule,25,0.9507,0.8645,True
11180361,data\cache\real_kepler\kplr011180361-2009166043257_llc.fits,f6bf7aaec424f69ae88c68fea2da7827e48b3528878f8e3f3c88a12e02b480b1,1,1639,1114,131.51237886500894,164.98350828127877,29.4252463337034,2454833,TDB,795952 FluxExporter2PipelineModule,25,0.9995,0.9989,True
11180361,data\cache\real_kepler\kplr011180361-2009259160929_llc.fits,b96fc8d5515b95d95bafc14a7054d7fa7f86ce9c0ce467853d0f6c010c9bd4c2,2,4354,2928,169.7855003506411,258.4670599081146,29.42449429887347,2454833,TDB,822907 FluxExporter2PipelineModule,25,0.9993,0.999,True
11180361,data\cache\real_kepler\kplr011180361-2009350155506_llc.fits,3b9550bac7a5b2bbc302f50657e8e430b27e5955a81bf4dbb2121e642e048a80,3,4370,3057,260.24471692892257,349.49592732240126,29.423541407450102,2454833,TDB,824657 FluxExporter2PipelineModule,25,0.9989,0.999,True
5951140,data\cache\real_kepler\kplr005951140-2009166043257_llc.fits,65f4aa3892a199cfc4b1a25a20965c577506ad650083df2b0f761ffcd0b5f92d,1,1639,1445,131.5126420824963,164.98409698238538,29.42548144608736,2454833,TDB,796393 FluxExporter2PipelineModule,25,0.9801,0.9073,True
5951140,data\cache\real_kepler\kplr005951140-2009259160929_llc.fits,c4b70eafd5016e70be5b41bc6ff553594d2ab59a21e76d6cd6ae78cc89cccbc4,2,4354,3777,169.76568930636859,258.467550868314,29.424312500632368,2454833,TDB,823815 FluxExporter2PipelineModule,25,0.9949,0.8686,True
5951140,data\cache\real_kepler\kplr005951140-2009350155506_llc.fits,a9553851951608a8a3184dd46aacb11601ea1f85f1ae063ebe21a5c282885f57,3,4370,3921,260.2656237106348,349.4953823647593,29.42315139225684,2454833,TDB,826442 FluxExporter2PipelineModule,25,0.995,0.8395,True
11805075,data\cache\real_kepler\kplr011805075-2009166043257_llc.fits,0f8b96bda7d98da58e4d874858e54c1a60fc9e7a6464647de0351685582e0630,1,1639,1474,131.5122748678259,164.98338407637493,29.425176753429696,2454833,TDB,795961 FluxExporter2PipelineModule,25,1.0,0.6625,True
11805075,data\cache\real_kepler\kplr011805075-2009259160929_llc.fits,1bc5bf99455e8625d049fccd9002417335deea44a4006361b8865cb3b153b1ea,2,4354,3733,169.76494206575444,258.46704898719327,29.42438542318996,2454833,TDB,822925 FluxExporter2PipelineModule,25,1.0,0.7928,True
11805075,data\cache\real_kepler\kplr011805075-2009350155506_llc.fits,48a4c27fc424c550a6653c518f39cce17a0aeb883f946e02ce259d8f842c610f,3,4370,3916,260.2447096273536,349.49604378749063,29.423522459110245,2454833,TDB,824692 FluxExporter2PipelineModule,25,1.0,0.686,True
6690171,data\cache\real_kepler\kplr006690171-2010078095331_llc.fits,43b2a06d73b8f255ccf09e5d7867384f3f2545ad518044eb75795af49f3113da,4,4397,3863,352.39703471613757,442.20280940855446,29.42454081843607,2454833,TDB,860317 FluxExporter2PipelineModule,25,1.0,0.6788,True
6690171,data\cache\real_kepler\kplr006690171-2010174085026_llc.fits,35c64581af7194654d47656fc597d1b6446a009f32ac85d0c61dcf7200b6d69e,5,4634,4213,443.9192961772642,537.6315413199045,29.425579147646204,2454833,TDB,883984 FluxExporter2PipelineModule,25,1.0,0.7681,True
6690171,data\cache\real_kepler\kplr006690171-2010265121752_llc.fits,bdf6dd0734244fd4137b6b0e1bf1a0b4ca61fd54b81d56a04369247ef240c670,6,4398,4030,539.47057886322,629.2966140743811,29.42442155443132,2454833,TDB,908057 FluxExporter2PipelineModule,25,1.0,0.8264,True
3345675,data\cache\real_kepler\kplr003345675-2009166043257_llc.fits,24c70527141a3bf895df9f6d4f969eef74dd24c1ae054614ad86a3978c489f6e,1,1639,1464,131.51253874864778,164.98418553556257,29.425647323951125,2454833,TDB,796559 FluxExporter2PipelineModule,25,0.9999,0.6037,True
3345675,data\cache\real_kepler\kplr003345675-2009259160929_llc.fits,46bfdd3b42cc4a9e005c273b947f01cfeaeb1b4784b72639cce301b2ac56d5b6,2,4354,3759,169.7658183290041,258.4678859660926,29.424387272447348,2454833,TDB,824154 FluxExporter2PipelineModule,25,1.0,0.6662,True
3345675,data\cache\real_kepler\kplr003345675-2009350155506_llc.fits,82b5aaa51be07eeffcd29e45e782aafe67dc2cc83ebdfde16e04b256a48cb647,3,4370,3347,260.24555161071476,349.4953060209882,29.42303514049854,2454833,TDB,827109 FluxExporter2PipelineModule,25,1.0,0.7689,True
8308347,data\cache\real_kepler\kplr008308347-2010078095331_llc.fits,b8fd97e1f8e968cbbf457b7e699599bc502884e2f332fddec057381a1fa8d8d0,4,4397,3388,352.39730477558624,442.2026441398921,29.424502848414704,2454833,TDB,860222 FluxExporter2PipelineModule,25,0.8865,0.6692,True
8308347,data\cache\real_kepler\kplr008308347-2010174085026_llc.fits,b1b6cd1d28e699783499d368bf81a3428fe557c9371dc0069923e764c1f96f0d,5,4634,4215,443.919107914131,537.6312070640415,29.42553718050476,2454833,TDB,883888 FluxExporter2PipelineModule,25,0.762,0.8502,True
8308347,data\cache\real_kepler\kplr008308347-2010265121752_llc.fits,addcbec3f55bcc8701474163408380dcc5d9fca982dedc8d20d1c87f8bd42b17,6,4398,780,539.9402799043455,628.9289484805631,29.425210783956572,2454833,TDB,907957 FluxExporter2PipelineModule,25,0.8942,0.7994,True
11853130,data\cache\real_kepler\kplr011853130-2009166043257_llc.fits,98f1b757ce43fc3c495d70f3c3cf9ae92c3cdff35767827399e562a3b802ff4b,1,1639,1470,131.51235484876088,164.9834192540584,29.425135514466092,2454833,TDB,795961 FluxExporter2PipelineModule,25,1.0,0.6588,True
11853130,data\cache\real_kepler\kplr011853130-2009259160929_llc.fits,04471227260bea51c181bf81f23760837455299d64200269bfb65600e250bf50,2,4354,3806,169.7649696682929,258.4669554733264,29.424328012391925,2454833,TDB,822925 FluxExporter2PipelineModule,25,1.0,0.6364,True
11853130,data\cache\real_kepler\kplr011853130-2009350155506_llc.fits,69459a5c49e1865c3909e899dbd36038a5b7561f745adda27565e2873ef6b6a8,3,4370,3858,260.24461506854277,349.4960092491019,29.42354346625507,2454833,TDB,824693 FluxExporter2PipelineModule,25,1.0,0.623,True
9512981,data\cache\real_kepler\kplr009512981-2009166043257_llc.fits,a746116fd82f95bfaab11a9bb0a204be97c7e395cf31baf339340b16e92305bc,1,1639,1449,131.512616594875,164.98379842178838,29.425239869160578,2454833,TDB,796081 FluxExporter2PipelineModule,25,1.0,0.7641,True
9512981,data\cache\real_kepler\kplr009512981-2009259160929_llc.fits,39698bf897af70edac3114d2a141ba33885fe069f58ad1d046e2862f44f0d2fc,2,4354,3790,169.7653284877888,258.46707535968744,29.424252742901444,2454833,TDB,823166 FluxExporter2PipelineModule,25,1.0,0.8462,True
9512981,data\cache\real_kepler\kplr009512981-2009350155506_llc.fits,f371a660b52f46e62e3476de635c8904b5a02f0688af006eb3d2141c9b08a68d,3,4370,3879,260.2447385530686,349.49565500909375,29.42338826484047,2454833,TDB,825165 FluxExporter2PipelineModule,25,1.0,0.7729,True
6867155,data\cache\real_kepler\kplr006867155-2009166043257_llc.fits,d15179e6fbac9d303da3aea01f3d7fbc7ad139ab55b3279bdcc8ff2ec4aa6a66,1,1639,1449,131.5123201078677,164.98386029769608,29.42555327899754,2454833,TDB,796355 FluxExporter2PipelineModule,25,0.9999,0.7808,True
6867155,data\cache\real_kepler\kplr006867155-2009259160929_llc.fits,fd75c8ce1b328c46f7b40838405cc548d407069fc5fae4549205c33cdf49650f,2,4354,3826,169.76544254476903,258.46774674524204,29.42445927299559,2454833,TDB,823736 FluxExporter2PipelineModule,25,0.9975,0.8352,True
6867155,data\cache\real_kepler\kplr006867155-2009350155506_llc.fits,1108956517cebdf665cf90980a3c88fa4fa1ef2fcf1f643148e152f492ed72b8,3,4370,3908,260.24540827365126,349.49560769243544,29.42315151798539,2454833,TDB,826285 FluxExporter2PipelineModule,25,0.9948,0.6612,True
8494263,data\cache\real_kepler\kplr008494263-2010078095331_llc.fits,44322035b66aa673f47528700ca61aa8e4984967b949c51290fcea8f7eb8dfdd,4,4397,2444,352.39722200545657,442.20288360155246,29.42479689605534,2454833,TDB,859823 FluxExporter2PipelineModule,25,0.8342,0.5783,True
8494263,data\cache\real_kepler\kplr008494263-2010174085026_llc.fits,c51aeeca78bde3a6ed2445ea802c07667fd2d68684fe25d404d227d4475f22cb,5,4634,4187,443.91935728686803,537.6108844073751,29.42549279832747,2454833,TDB,883568 FluxExporter2PipelineModule,25,0.4577,0.7589,True
8494263,data\cache\real_kepler\kplr008494263-2010265121752_llc.fits,6a633e13e5e80e62399534aaaa9e0ce9eec203e754a930796d7ba2c25041664a,6,4398,4064,539.4703752591086,629.296516150469,29.424454065738246,2454833,TDB,907529 FluxExporter2PipelineModule,25,0.2652,0.7283,True
7984047,data\cache\real_kepler\kplr007984047-2010078095331_llc.fits,1514108ca792baae0bc82f12ca1761db90b7e0650c5c97371e88032deeba41b4,4,4397,3793,352.47917081721243,442.2023973477917,29.424253319157287,2454833,TDB,860048 FluxExporter2PipelineModule,25,0.8979,0.7545,True
7984047,data\cache\real_kepler\kplr007984047-2010174085026_llc.fits,de3510e30d9adbca1ac6664a06cba1684178e2164bf838b3517062c712ae5048,5,4634,4244,443.91884330326866,537.6310921311524,29.425594601780176,2454833,TDB,883709 FluxExporter2PipelineModule,25,0.9886,0.592,True
7984047,data\cache\real_kepler\kplr007984047-2010265121752_llc.fits,d910b237f14dc1214ed4f4af93ab8cd57519e8630d9074be7a105c0d7ef8b31e,6,4398,3821,539.4701565533687,629.2969758287072,29.424741732655093,2454833,TDB,907764 FluxExporter2PipelineModule,25,0.9507,0.6576,True
10153011,data\cache\real_kepler\kplr010153011-2009259160929_llc.fits,4554f1b18039cdacd8fefdf28ff7a2c09d9f37a3a07dbcb25b90762df5af1089,2,4354,3645,169.7649123458541,258.46769305333146,29.424653397873044,2454833,TDB,823282 FluxExporter2PipelineModule,25,0.9981,0.8983,True
10153011,data\cache\real_kepler\kplr010153011-2009350155506_llc.fits,13405bb2c7cc840771d92498d56c65a48b364c94e2ee1e994dcb7a9f8fc82aba,3,4370,3918,260.2453700163169,349.49610427380685,29.423319072229788,2454833,TDB,825388 FluxExporter2PipelineModule,25,0.9998,0.735,True
10153011,data\cache\real_kepler\kplr010153011-2010078095331_llc.fits,ad582a28714872a6dc0fe7b19d8bc08fa840ef6a0ad39488d215f97366b0cecf,4,4397,3789,352.39759724795294,442.20270493302087,29.42429263552185,2454833,TDB,859424 FluxExporter2PipelineModule,25,0.9997,0.7952,True
